steps,energies,variances,acceptances
0,-2.4599967436817534,8.226745841849008,0.9869791666666666
160,-10.252980936269605,0.2789113345276886,0.2762586805555556
320,-11.098433513248004,0.0009320077909187837,0.2072482638888889
480,-11.125853316894498,0.00019578528573922178,0.201171875
640,-11.174969508012186,0.001253237536708173,0.21961805555555555
66667
66
