steps,energies,variances,acceptances
0,-2.636183250209639,10.511187939063927,0.9869791666666666
160,-11.123734246416774,0.027225050027053523,0.011501736111111112
320,-11.138926598215901,0.002552532455157267,0.009114583333333334
480,-11.138924546942128,0.001326950324967496,0.007161458333333333
640,-11.140072463854708,0.00016678204137825608,0.008246527777777778
