steps,energies,variances,acceptances
0,-2.6132307098682817,7.688916870359588,0.9884982638888888
160,-10.377592535988455,0.28054858878558514,0.22721354166666666
320,-11.158025915298605,0.005021259433162803,0.17274305555555555
480,-11.161689692888352,0.025410953047495077,0.1599392361111111
640,-11.127304965137945,0.0017233102077309766,0.1545138888888889

