steps,energies,variances,acceptances
0,-12.047160776151227,10.509124869327975,0.9887152777777778
160,-14.923506792672713,0.010319515801790413,0.3717447916666667
320,-14.92530747544163,0.002363231672895475,0.39453125
480,-14.924736825546528,0.0017694449862416682,0.4060329861111111
640,-14.924718504246366,0.0015766861787421787,0.3973524305555556
1111111
